CREATE DATABASE  IF NOT EXISTS `comercio` /*!40100 DEFAULT CHARACTER SET utf8mb4 COLLATE utf8mb4_0900_ai_ci */ /*!80016 DEFAULT ENCRYPTION='N' */;
USE `comercio`;
-- MySQL dump 10.13  Distrib 8.0.43, for Win64 (x86_64)
--
-- Host: localhost    Database: comercio
-- ------------------------------------------------------
-- Server version	8.0.43

/*!40101 SET @OLD_CHARACTER_SET_CLIENT=@@CHARACTER_SET_CLIENT */;
/*!40101 SET @OLD_CHARACTER_SET_RESULTS=@@CHARACTER_SET_RESULTS */;
/*!40101 SET @OLD_COLLATION_CONNECTION=@@COLLATION_CONNECTION */;
/*!50503 SET NAMES utf8 */;
/*!40103 SET @OLD_TIME_ZONE=@@TIME_ZONE */;
/*!40103 SET TIME_ZONE='+00:00' */;
/*!40014 SET @OLD_UNIQUE_CHECKS=@@UNIQUE_CHECKS, UNIQUE_CHECKS=0 */;
/*!40014 SET @OLD_FOREIGN_KEY_CHECKS=@@FOREIGN_KEY_CHECKS, FOREIGN_KEY_CHECKS=0 */;
/*!40101 SET @OLD_SQL_MODE=@@SQL_MODE, SQL_MODE='NO_AUTO_VALUE_ON_ZERO' */;
/*!40111 SET @OLD_SQL_NOTES=@@SQL_NOTES, SQL_NOTES=0 */;

--
-- Table structure for table `cliente`
--

DROP TABLE IF EXISTS `cliente`;
/*!40101 SET @saved_cs_client     = @@character_set_client */;
/*!50503 SET character_set_client = utf8mb4 */;
CREATE TABLE `cliente` (
  `IDCLIENTE` int NOT NULL AUTO_INCREMENT,
  `NOME` varchar(30) NOT NULL,
  `SEXO` enum('M','F') NOT NULL,
  `EMAIL` varchar(50) DEFAULT NULL,
  `CPF` varchar(15) DEFAULT NULL,
  PRIMARY KEY (`IDCLIENTE`),
  UNIQUE KEY `EMAIL` (`EMAIL`),
  UNIQUE KEY `CPF` (`CPF`)
) ENGINE=InnoDB AUTO_INCREMENT=20 DEFAULT CHARSET=utf8mb4 COLLATE=utf8mb4_0900_ai_ci;
/*!40101 SET character_set_client = @saved_cs_client */;

--
-- Dumping data for table `cliente`
--

LOCK TABLES `cliente` WRITE;
/*!40000 ALTER TABLE `cliente` DISABLE KEYS */;
INSERT INTO `cliente` VALUES (1,'JOAO','M','JOAOA@IG.COM','76567587887'),(2,'CARLOS','M','CARLOSA@IG.COM','5464553466'),(3,'ANA','F','ANA@IG.COM','456545678'),(4,'CLARA','F',NULL,'5687766856'),(5,'JORGE','M','JORGE@IG.COM','8756547688'),(6,'CELIA','M','JCELIA@IG.COM','5767876889'),(7,'FLAVIO','M','FLAVIO@IG.COM','4657765'),(8,'ANDRE','M','ANDRE@GLOBO.COM','7687567'),(9,'GIOVANA','F',NULL,'0876655'),(10,'KARLA','M','KARLA@GMAIL.COM','545676778'),(11,'DANIELE','M','DANIELE@GMAIL.COM','43536789'),(12,'LORENA','M',NULL,'774557887'),(13,'EDUARDO','M',NULL,'54376457'),(14,'ANTONIO','F','ANTONIO@IG.COM','12436767'),(15,'ANTONIO','M','ANTONIO@UOL.COM','3423565'),(16,'ELAINE','M','ELAINE@GLOBO.COM','32567763'),(17,'CARMEM','F','CARMEM@IG.COM','787832213'),(18,'ADRIANA','F','ADRIANA@GMAIL.COM','88556942'),(19,'JOICE','F','JOICE@GMAIL.COM','55412256');
/*!40000 ALTER TABLE `cliente` ENABLE KEYS */;
UNLOCK TABLES;

--
-- Table structure for table `endereco`
--

DROP TABLE IF EXISTS `endereco`;
/*!40101 SET @saved_cs_client     = @@character_set_client */;
/*!50503 SET character_set_client = utf8mb4 */;
CREATE TABLE `endereco` (
  `IDENDERECO` int NOT NULL AUTO_INCREMENT,
  `RUA` varchar(30) NOT NULL,
  `BAIRRO` varchar(30) NOT NULL,
  `CIDADE` varchar(30) NOT NULL,
  `ESTADO` char(2) NOT NULL,
  `ID_CLIENTE` int DEFAULT NULL,
  PRIMARY KEY (`IDENDERECO`),
  UNIQUE KEY `ID_CLIENTE` (`ID_CLIENTE`),
  CONSTRAINT `endereco_ibfk_1` FOREIGN KEY (`ID_CLIENTE`) REFERENCES `cliente` (`IDCLIENTE`)
) ENGINE=InnoDB AUTO_INCREMENT=20 DEFAULT CHARSET=utf8mb4 COLLATE=utf8mb4_0900_ai_ci;
/*!40101 SET character_set_client = @saved_cs_client */;

--
-- Dumping data for table `endereco`
--

LOCK TABLES `endereco` WRITE;
/*!40000 ALTER TABLE `endereco` DISABLE KEYS */;
INSERT INTO `endereco` VALUES (1,'RUA ANTONIO SA','CENTRO','B. HORIZONTE','MG',4),(2,'RUA CAPITAO HERMES','CENTRO','RIO DE JANEIRO','RJ',1),(3,'RUA PRES VARGAS','JARDINS','SAO PAULO','SP',3),(4,'RUA ALFANDEGA','ESTACIO','RIO DE JANEIRO','RJ',2),(5,'RUA DO OUVIDOR','FLAMENGO','RIO DE JANEIRO','RJ',6),(6,'RUA URUGUAIANA','CENTRO','VITORIA','ES',5),(7,'RUA GUEDES','CASCADURA','B. HORIZONTE','MG',9),(8,'RUA MAIA LACERDA','ESTACIO','RIO DE JANEIRO','RJ',10),(9,'RUA VISCONDESSA','CENTRO','RIO DE JANEIRO','RJ',11),(10,'RUA NELSON MANDELA','COPACABANA','RIO DE JANEIRO','RJ',12),(11,'RUA ARAUJO LIMA','CENTRO','VITORIA','ES',13),(12,'RUA CASTRO ALVES','LEBLON','RIO DE JANEIRO','RJ',14),(13,'AV CAPITAO ANTUNES','CENTRO','CURITIBA','PR',15),(14,'AV CARLOS BARROSO','JARDINS','SAO PAULO','SP',16),(15,'ALAMEDA SAMPAIO','BOM RETIRO','CURITIBA','PR',17),(16,'RUA DA LAPA','LAPA','SAO PAULO','SP',18),(17,'RUA GERONIMO','CENTRO','RIO DE JANEIRO','RJ',19),(19,'RUA GOMES FREIRE','CENTRO','RIO DE JANEIRO','RJ',8);
/*!40000 ALTER TABLE `endereco` ENABLE KEYS */;
UNLOCK TABLES;

--
-- Table structure for table `produto`
--

DROP TABLE IF EXISTS `produto`;
/*!40101 SET @saved_cs_client     = @@character_set_client */;
/*!50503 SET character_set_client = utf8mb4 */;
CREATE TABLE `produto` (
  `IDPRODUTO` int NOT NULL AUTO_INCREMENT,
  `NOME_PRODUTO` varchar(30) NOT NULL,
  `PESO` float(10,2) NOT NULL,
  `VALOR_UNITARIO` varchar(50) NOT NULL,
  `FRETE` float(10,2) NOT NULL,
  PRIMARY KEY (`IDPRODUTO`)
) ENGINE=InnoDB DEFAULT CHARSET=utf8mb4 COLLATE=utf8mb4_0900_ai_ci;
/*!40101 SET character_set_client = @saved_cs_client */;

--
-- Dumping data for table `produto`
--

LOCK TABLES `produto` WRITE;
/*!40000 ALTER TABLE `produto` DISABLE KEYS */;
/*!40000 ALTER TABLE `produto` ENABLE KEYS */;
UNLOCK TABLES;

--
-- Table structure for table `telefone`
--

DROP TABLE IF EXISTS `telefone`;
/*!40101 SET @saved_cs_client     = @@character_set_client */;
/*!50503 SET character_set_client = utf8mb4 */;
CREATE TABLE `telefone` (
  `IDTELEFONE` int NOT NULL AUTO_INCREMENT,
  `TIPO` enum('RES','COM','CEL') NOT NULL,
  `NUMERO` varchar(10) NOT NULL,
  `ID_CLIENTE` int DEFAULT NULL,
  PRIMARY KEY (`IDTELEFONE`),
  KEY `ID_CLIENTE` (`ID_CLIENTE`),
  CONSTRAINT `telefone_ibfk_1` FOREIGN KEY (`ID_CLIENTE`) REFERENCES `cliente` (`IDCLIENTE`)
) ENGINE=InnoDB AUTO_INCREMENT=26 DEFAULT CHARSET=utf8mb4 COLLATE=utf8mb4_0900_ai_ci;
/*!40101 SET character_set_client = @saved_cs_client */;

--
-- Dumping data for table `telefone`
--

LOCK TABLES `telefone` WRITE;
/*!40000 ALTER TABLE `telefone` DISABLE KEYS */;
INSERT INTO `telefone` VALUES (1,'CEL','78458743',5),(2,'RES','56576876',5),(3,'CEL','87866896',1),(4,'COM','54768899',2),(5,'RES','99667587',1),(6,'CEL','78989765',3),(7,'CEL','99766676',3),(8,'COM','66687899',1),(9,'RES','89986668',5),(10,'CEL','88687909',2),(11,'RES','68976565',9),(12,'CEL','99656675',9),(13,'CEL','33567765',11),(14,'CEL','88668786',11),(15,'COM','55689654',11),(16,'COM','88687979',12),(17,'COM','88965676',13),(18,'CEL','89966809',15),(19,'COM','88679978',16),(20,'CEL','99655768',17),(21,'RES','89955665',18),(22,'RES','77455786',19),(23,'RES','89766554',19);
/*!40000 ALTER TABLE `telefone` ENABLE KEYS */;
UNLOCK TABLES;
/*!40103 SET TIME_ZONE=@OLD_TIME_ZONE */;

/*!40101 SET SQL_MODE=@OLD_SQL_MODE */;
/*!40014 SET FOREIGN_KEY_CHECKS=@OLD_FOREIGN_KEY_CHECKS */;
/*!40014 SET UNIQUE_CHECKS=@OLD_UNIQUE_CHECKS */;
/*!40101 SET CHARACTER_SET_CLIENT=@OLD_CHARACTER_SET_CLIENT */;
/*!40101 SET CHARACTER_SET_RESULTS=@OLD_CHARACTER_SET_RESULTS */;
/*!40101 SET COLLATION_CONNECTION=@OLD_COLLATION_CONNECTION */;
/*!40111 SET SQL_NOTES=@OLD_SQL_NOTES */;

-- Dump completed on 2025-10-04 20:04:23
